year,value
2015,0.930604859102
2020,1.0
2010,0.840896415254
